Country,Plant category,Plant type,Construction costs (USD/MWh),Refurbishment costs (USD/MWh),Decommissioning costs (USD/MWh),Total capital costs (USD/MWh),Operations & maintenance costs (USD/MWh),Energy type,Total Fuel cost (USD/MWh),energy_type
Japan,Nuclear,ALWR (1152 MW),46.87,0,0.05,46.92,25.84,Nuclear,13.92,ALWR
"Korea, Republic of",Nuclear,ALWR (1377 MW),25.51,0,0.03,25.54,18.44,Nuclear,9.33,ALWR
Italy,Biomass,Biomass (0.42 MW),70.23,0,0.19,70.42,59,Biomass,175.04,Biomass
Italy,Biomass,Biomass (0.45 MW),48.93,0,0.13,49.07,26.89,Biomass,0,Biomass
Brazil,Biomass,Biomass (25.0 MW),34.68,0,0.09,34.78,18.75,Biomass,0,Biomass
India,Biomass,Biomass (30.0 MW),9.32,0,0.03,9.34,2.24,Biomass,154.05,Biomass
Italy,CHP,Biomass (CHP) (0.42 MW),70.23,0,0.19,70.42,59,CHP,170.44,Biomass
Denmark,CHP,Biomass (CHP) (177 MW),83.54,0,0.23,83.76,33.29,CHP,143.98,Biomass
Denmark,CHP,Biomass (CHP) (258 MW),49.14,0,0.13,49.27,19.36,CHP,109.67,Biomass
Denmark,CHP,Biomass (CHP) (261 MW),56.51,0,0.15,56.66,20.78,CHP,167.51,Biomass
Denmark,CHP,Biomass (CHP) (358 MW),42.26,0,0.11,42.37,14.28,CHP,136.25,Biomass
United States,Coal,Coal (641 MW),46.48,0,0.13,46.61,29.5,Coal,24.47,Coal
Brazil,Lignite,Coal (900 MW),24.48,0,0.07,24.55,8.6,Lignite,42.56,Coal
United States,Coal,Coal (CCUS) (499 MW),66.99,0,0.18,67.17,42.96,Coal,30.63,Coal
France,Fuel cell,Fuel cell (0.003 MW),82.3,0,0.96,83.26,42.66,Fuel cell,161.11,Fuel cell
France,Fuel cell,Fuel cell (0.20 MW),74.82,0,0.87,75.69,22.59,Fuel cell,161.11,Fuel cell
Norway,Fuel cell,Fuel cell (1.0 MW),44.74,0,0.52,45.26,1.69,Fuel cell,161.11,Fuel cell
France,Fuel cell,Fuel cell (15.2 MW),29.93,0,0.35,30.28,36.75,Fuel cell,161.11,Fuel cell
Japan,Gas,Gas (CCGT) (1372 MW),12.86,0,0.07,12.93,7.7,Gas,95.16,Gas
Canada,Gas,Gas (CCGT) (471 MW),12.27,0,0.07,12.34,6.96,Gas,30.11,Gas
China,Gas,Gas (CCGT) (475 MW),6.49,0,0.04,6.53,13.49,Gas,84.58,Gas
"Korea, Republic of",Gas,Gas (CCGT) (491 MW),12.84,0,0.07,12.91,11.36,Gas,94.94,Gas
Belgium,Gas,Gas (CCGT) (500 MW),11.71,0,0.06,11.77,4.8,Gas,69.95,Gas
Belgium,Gas,Gas (CCGT) (500 MW),8.9,0,0.05,8.95,6,Gas,73.18,Gas
Belgium,Gas,Gas (CCGT) (500 MW),11.29,0,0.06,11.36,6.67,Gas,74.36,Gas
Mexico,Gas,Gas (CCGT) (503 MW),7.76,0,0.04,7.81,5.28,Gas,32.54,Gas
Australia,Gas,Gas (CCGT) (506 MW),11.07,0,0.06,11.14,6.59,Gas,82.67,Gas
United States,Gas,Gas (CCGT) (727 MW),11.04,0,0.06,11.1,5.3,Gas,29.3,Gas
Romania,Gas,Gas (CCGT) (750 MW),2.94,0.06,0.02,3.01,46.27,Gas,74.36,Gas
Mexico,Gas,Gas (CCGT) (785 MW),7.74,0,0.04,7.78,5.73,Gas,29.21,Gas
Italy,Gas,Gas (CCGT) (790 MW),6.85,0,0.04,6.88,6.99,Gas,72.8,Gas
Mexico,Gas,Gas (CCGT) (835 MW),5.41,0,0.03,5.44,5.51,Gas,29.81,Gas
Brazil,Gas,Gas (CCGT) (980 MW),11.11,0,0.06,11.17,11.21,Gas,29.75,Gas
"Korea, Republic of",Gas,Gas (CCGT) (982 MW),9.72,0,0.05,9.78,8.41,Gas,92.35,Gas
Australia,Gas,"Gas (CCGT, CCUS) (437 MW)",32.78,0,0.18,32.96,12.87,Gas,91.59,Gas
United States,Gas,"Gas (CCGT, CCUS) (646 MW)",27.97,0,0.16,28.13,14.22,Gas,33.83,Gas
Slovakia,CHP,"Gas (CCGT, CHP) (5.8 MW)",16.34,3.37,0.09,19.8,7.74,CHP,111.76,Gas
Denmark,CHP,"Gas (CCGT, CHP) (500 MW)",17.69,0,0.1,17.78,11.96,CHP,74.77,Gas
Canada,Gas,Gas (OCGT/int. comb.) (100 MW),36.2,0,0.21,36.41,8.7,Gas,37.36,Gas
Italy,Gas,Gas (OCGT/int. comb.) (130 MW),10.3,0,0.06,10.36,11.11,Gas,101.28,Gas
Canada,Gas,Gas (OCGT/int. comb.) (243 MW),16.44,0,0.09,16.53,18.53,Gas,38.22,Gas
Belgium,Gas,Gas (OCGT/int. comb.) (350 MW),16.86,0,0.1,16.95,7.5,Gas,95.54,Gas
Belgium,Gas,Gas (OCGT/int. comb.) (500 MW),21.28,0,0.12,21.4,9.83,Gas,93.88,Gas
Belgium,Gas,Gas (OCGT/int. comb.) (500 MW),18.73,0,0.11,18.84,7.99,Gas,99.13,Gas
Australia,Gas,Gas (OCGT/int. comb.) (537 MW),21.2,0,0.12,21.32,9.09,Gas,113.54,Gas
Brazil,Gas,Gas (OCGT/int. comb.) (980 MW),23.45,0,0.13,23.59,16.71,Gas,35.74,Gas
Denmark,CHP,"Gas (OCGT/int. comb., CHP) (125 MW)",14.26,0,0.08,14.35,10.77,CHP,94.95,Gas
Romania,CHP,"Gas (OCGT/int. comb., CHP) (195 MW)",3.49,0.14,0.02,3.65,11.75,CHP,61.18,Gas
Slovakia,CHP,"Gas (OCGT/int. comb., CHP) (35.9 MW)",10.76,0,0.06,10.82,6.1,CHP,84.76,Gas
Russian Federation,Nuclear,Gen III projects (1122 MW),26.86,0,0.03,26.88,10.15,Nuclear,4.99,Gen III projects
France,Nuclear,Gen III projects (1650 MW),47.46,0,0.05,47.51,14.26,Nuclear,9.33,Gen III projects
Italy,Geothermal,Geothermal (10.0 MW),112.74,0,0.3,113.04,23.02,Geothermal,0,Geothermal
Italy,Geothermal,Geothermal (15.0 MW),82.06,0,0.22,82.27,21.25,Geothermal,0,Geothermal
United States,Geothermal,Geothermal (25.0 MW),68.17,0,0.18,68.35,25.19,Geothermal,0,Geothermal
United States,Geothermal,Geothermal (30.0 MW),45.08,0,0.12,45.2,16.63,Geothermal,0,Geothermal
Italy,Geothermal,Geothermal (39.6 MW),50.04,0,0.13,50.17,17.96,Geothermal,0,Geothermal
Italy,Geothermal,Geothermal (5.0 MW),126.09,0,0.33,126.42,25.38,Geothermal,0,Geothermal
Italy,Hydro,Hydro reservoir (< 5 MW) (0.32 MW),55.93,0,0.01,55.94,16.85,Hydro,0,Hydro reservoir
Japan,Hydro,Hydro reservoir (>= 5 MW) (12.0 MW),119.38,0,0.02,119.4,23,Hydro,0,Hydro reservoir
Italy,Hydro,Hydro reservoir (>= 5 MW) (15.0 MW),75.78,0,0.01,75.8,18.37,Hydro,0,Hydro reservoir
India,Hydro,Hydro reservoir (>= 5 MW) (175 MW),37.68,0,0.01,37.69,11.65,Hydro,0,Hydro reservoir
Norway,Hydro,Hydro reservoir (>= 5 MW) (30.0 MW),33.72,0,0.01,33.73,4.92,Hydro,0,Hydro reservoir
Sweden,Nuclear,LTO (10 years) (1000 MW),8.79,0,0.32,9.11,12.92,Nuclear,9.33,LTO
Switzerland,Nuclear,LTO (10 years) (1000 MW),10.88,0,0.4,11.29,12.92,Nuclear,9.33,LTO
France,Nuclear,LTO (10 years) (1000 MW),12.45,0,0.46,12.91,12.92,Nuclear,9.33,LTO
United States,Nuclear,LTO (10 years) (1000 MW),7.74,0,0.29,8.02,18.69,Nuclear,9.33,LTO
Sweden,Nuclear,LTO (20 years) (1000 MW),5.83,0,0.11,5.93,12.92,Nuclear,9.33,LTO
Switzerland,Nuclear,LTO (20 years) (1000 MW),7.22,0,0.14,7.35,12.92,Nuclear,9.33,LTO
France,Nuclear,LTO (20 years) (1000 MW),8.25,0,0.15,8.41,12.92,Nuclear,9.33,LTO
United States,Nuclear,LTO (20 years) (1000 MW),5.13,0,0.1,5.23,18.69,Nuclear,9.33,LTO
United States,Nuclear,LWR (1100 MW),50.26,0,0.05,50.32,11.6,Nuclear,9.33,LWR
India,Nuclear,LWR (950 MW),32.85,0,0.03,32.89,5.43,Nuclear,9.33,LWR
Slovakia,Nuclear,Nuclear (1004 MW),81.84,0.87,0.09,82.8,9.71,Nuclear,9.33,Nuclear
China,Nuclear,Nuclear (950 MW),29.57,0,0.03,29.6,26.42,Nuclear,10,Nuclear
United States,Coal,Pulverised (138 MW),49,0,0.13,49.13,30.47,Coal,27.5,Pulverised
United States,Coal,Pulverised (140 MW),38.54,0,0.1,38.65,22.25,Coal,27.67,Pulverised
United States,Coal,Pulverised (650 MW),27.71,0,0.08,27.78,17.01,Coal,25.54,Pulverised
United States,Coal,Pulverised (CCUS) (650 MW),51.48,0,0.14,51.62,30.45,Coal,30.81,Pulverised
Romania,CHP,"Pulverised, lignite (CHP) (2900 MW)",19.29,2.29,0.05,21.63,129.88,CHP,16.28,"Pulverised, lignite"
Italy,Hydro,Run of river (< 5 MW) (0.015 MW),108.42,0,0.02,108.43,24.64,Hydro,0,Run of river
Italy,Hydro,Run of river (< 5 MW) (0.10 MW),81.34,0,0.01,81.35,17.01,Hydro,0,Run of river
Italy,Hydro,Run of river (< 5 MW) (0.19 MW),91.61,0,0.02,91.63,21.47,Hydro,0,Run of river
Italy,Hydro,Run of river (< 5 MW) (0.25 MW),75.49,0,0.01,75.5,22.09,Hydro,0,Run of river
Italy,Hydro,Run of river (< 5 MW) (0.25 MW),228.52,0,0.04,228.56,29.18,Hydro,0,Run of river
Italy,Hydro,Run of river (< 5 MW) (0.25 MW),358.18,0,0.06,358.24,51.07,Hydro,0,Run of river
Italy,Hydro,Run of river (< 5 MW) (0.50 MW),48.39,0,0.01,48.4,13.01,Hydro,0,Run of river
Italy,Hydro,Run of river (< 5 MW) (0.50 MW),100.67,0,0.02,100.69,12.07,Hydro,0,Run of river
Italy,Hydro,Run of river (< 5 MW) (0.50 MW),230.41,0,0.04,230.45,17.52,Hydro,0,Run of river
Italy,Hydro,Run of river (< 5 MW) (0.69 MW),73.43,0,0.01,73.44,12.47,Hydro,0,Run of river
Italy,Hydro,Run of river (< 5 MW) (1.0 MW),60.78,0,0.01,60.79,8.71,Hydro,0,Run of river
Italy,Hydro,Run of river (< 5 MW) (2.1 MW),58.94,0,0.01,58.95,8.42,Hydro,0,Run of river
Austria,Hydro,Run of river (< 5 MW) (2.2 MW),42.4,0,0.01,42.41,11.92,Hydro,0,Run of river
Norway,Hydro,Run of river (< 5 MW) (3.0 MW),38.58,0,0.01,38.59,8.61,Hydro,0,Run of river
United States,Hydro,Run of river (< 5 MW) (3.7 MW),105.26,0,0.02,105.28,23.4,Hydro,0,Run of river
United States,Hydro,Run of river (< 5 MW) (4.2 MW),66.09,0,0.01,66.1,24.42,Hydro,0,Run of river
United States,Hydro,Run of river (< 5 MW) (4.8 MW),95.47,0,0.02,95.49,22.24,Hydro,0,Run of river
Germany,Hydro,Run of river (>= 5 MW) (24.5 MW),42.61,5.88,0.01,48.5,8.5,Hydro,0,Run of river
Brazil,Hydro,Run of river (>= 5 MW) (248 MW),42.95,0,0.01,42.96,3.16,Hydro,0,Run of river
United States,Hydro,Run of river (>= 5 MW) (44.1 MW),93.18,0,0.02,93.2,7.57,Hydro,0,Run of river
Italy,Hydro,Run of river (>= 5 MW) (5.0 MW),76.28,0,0.01,76.29,27.53,Hydro,0,Run of river
United States,Hydro,Run of river (>= 5 MW) (82.2 MW),84.26,0,0.01,84.28,5.93,Hydro,0,Run of river
United States,Hydro,Run of river (>= 5 MW) (median case) (44.7 MW),62.24,0,0.01,62.25,8.33,Hydro,0,Run of river
United States,Hydro,Run of river (>= 5 MW) (median case) (94.0 MW),81.84,0,0.01,81.85,5.35,Hydro,0,Run of river
Hungary,Solar,Solar PV (commercial) (0.050 MW),98.2,4.47,0.82,103.49,2.1,Solar PV,0,Solar PV
Italy,Solar,Solar PV (commercial) (0.083 MW),68.22,11.7,0.57,80.49,21.09,Solar PV,0,Solar PV
"Korea, Republic of",Solar,Solar PV (commercial) (0.099 MW),84.52,0,0.7,85.23,12.91,Solar PV,0,Solar PV
Denmark,Solar,Solar PV (commercial) (0.10 MW),66.11,0,0.55,66.66,11.1,Solar PV,0,Solar PV
Netherlands,Solar,Solar PV (commercial) (0.20 MW),62.89,0.91,0.52,64.33,25.17,Solar PV,0,Solar PV
Italy,Solar,Solar PV (commercial) (0.21 MW),54.01,0,0.45,54.46,16.52,Solar PV,0,Solar PV
United States,Solar,Solar PV (commercial) (0.30 MW),68.07,0,0.57,68.64,5.83,Solar PV,0,Solar PV
United States,Solar,Solar PV (commercial) (0.30 MW),73.67,0,0.61,74.28,6.31,Solar PV,0,Solar PV
United States,Solar,Solar PV (commercial) (0.30 MW),91.83,0,0.76,92.59,7.86,Solar PV,0,Solar PV
United States,Solar,Solar PV (commercial) (0.30 MW),106.45,0,0.89,107.33,9.11,Solar PV,0,Solar PV
Norway,Solar,Solar PV (commercial) (0.30 MW),97.89,0,0.82,98.7,41.75,Solar PV,0,Solar PV
Italy,Solar,Solar PV (commercial) (0.42 MW),63.23,11.7,0.53,75.46,18.28,Solar PV,0,Solar PV
France,Solar,Solar PV (commercial) (0.50 MW),49.26,0,0.41,49.67,24.31,Solar PV,0,Solar PV
Hungary,Solar,Solar PV (commercial) (0.50 MW),81.39,1.87,0.68,83.94,20.34,Solar PV,0,Solar PV
United States,Solar,Solar PV (commercial) (median case) (0.30 MW),86.09,0,0.72,86.81,7.37,Solar PV,0,Solar PV
Netherlands,Solar,Solar PV (floating) (8.0 MW),62.26,0.89,0.52,63.66,22.73,Solar PV,0,Solar PV
Hungary,Solar,Solar PV (residential) (0.004 MW),129.55,7.54,1.08,138.16,3.53,Solar PV,0,Solar PV
Japan,Solar,Solar PV (residential) (0.004 MW),198.74,0,1.66,200.4,22.91,Solar PV,0,Solar PV
Italy,Solar,Solar PV (residential) (0.004 MW),96.45,12.5,0.8,109.75,164.82,Solar PV,0,Solar PV
United States,Solar,Solar PV (residential) (0.005 MW),123.59,0,1.03,124.62,10.8,Solar PV,0,Solar PV
Italy,Solar,Solar PV (residential) (0.005 MW),81.52,0,0.68,82.2,57.53,Solar PV,0,Solar PV
United States,Solar,Solar PV (residential) (0.005 MW),127.93,0,1.07,128.99,11.18,Solar PV,0,Solar PV
United States,Solar,Solar PV (residential) (0.005 MW),139.74,0,1.16,140.91,12.21,Solar PV,0,Solar PV
United States,Solar,Solar PV (residential) (0.005 MW),142.69,0,1.19,143.88,12.47,Solar PV,0,Solar PV
Denmark,Solar,Solar PV (residential) (0.006 MW),99.39,0,0.83,100.22,14.1,Solar PV,0,Solar PV
Belgium,Solar,Solar PV (residential) (0.010 MW),80.68,0,0.67,81.35,21.13,Solar PV,0,Solar PV
France,Solar,Solar PV (residential) (0.010 MW),98.51,0,0.82,99.33,24.31,Solar PV,0,Solar PV
Belgium,Solar,Solar PV (residential) (0.010 MW),111.3,0,0.93,112.23,13.65,Solar PV,0,Solar PV
Belgium,Solar,Solar PV (residential) (0.010 MW),142.62,0,1.19,143.81,15.34,Solar PV,0,Solar PV
Austria,Solar,Solar PV (residential) (0.020 MW),64.47,0,0.54,65,43.18,Solar PV,0,Solar PV
United States,Solar,Solar PV (residential) (median case) (0.005 MW),115.48,0,0.96,116.44,10.09,Solar PV,0,Solar PV
Italy,Solar,Solar PV (utility scale) (0.83 MW),43.1,0,0.36,43.46,14.62,Solar PV,0,Solar PV
Italy,Solar,Solar PV (utility scale) (0.83 MW),32.23,2.87,0.27,35.36,27.59,Solar PV,0,Solar PV
Belgium,Solar,Solar PV (utility scale) (1.0 MW),76.79,0,0.64,77.43,12.78,Solar PV,0,Solar PV
United States,Solar,Solar PV (utility scale) (100 MW),30.13,0,0.25,30.39,4.2,Solar PV,0,Solar PV
United States,Solar,Solar PV (utility scale) (100 MW),33.16,0,0.28,33.44,4.62,Solar PV,0,Solar PV
Australia,Solar,Solar PV (utility scale) (100 MW),33.58,0,0.28,33.86,4.79,Solar PV,0,Solar PV
United States,Solar,Solar PV (utility scale) (100 MW),41.55,0,0.35,41.9,5.79,Solar PV,0,Solar PV
United States,Solar,Solar PV (utility scale) (100 MW),47.88,0,0.4,48.28,6.68,Solar PV,0,Solar PV
Japan,Solar,Solar PV (utility scale) (2.0 MW),146.5,0,1.22,147.72,24.34,Solar PV,0,Solar PV
China,Solar,Solar PV (utility scale) (20.0 MW),42.4,0,0.35,42.76,8.02,Solar PV,0,Solar PV
Canada,Solar,Solar PV (utility scale) (20.0 MW),55.39,0,0.46,55.85,6.62,Solar PV,0,Solar PV
Hungary,Solar,Solar PV (utility scale) (20.0 MW),72.98,1.4,0.61,74.98,11.06,Solar PV,0,Solar PV
Canada,Solar,Solar PV (utility scale) (20.0 MW),68.02,0,0.57,68.59,19.36,Solar PV,0,Solar PV
France,Solar,Solar PV (utility scale) (25.0 MW),30.17,0,0.25,30.42,3.52,Solar PV,0,Solar PV
Brazil,Solar,Solar PV (utility scale) (25.0 MW),39.17,0,0.33,39.5,6.52,Solar PV,0,Solar PV
"Korea, Republic of",Solar,Solar PV (utility scale) (3.0 MW),83.55,0,0.7,84.24,12.32,Solar PV,0,Solar PV
India,Solar,Solar PV (utility scale) (35.0 MW),31.65,0,0.26,31.91,3.69,Solar PV,0,Solar PV
Denmark,Solar,Solar PV (utility scale) (8.0 MW),33.86,0,0.28,34.14,6.97,Solar PV,0,Solar PV
Denmark,Solar,Solar PV (utility scale) (8.0 MW),35.57,0,0.3,35.87,7.69,Solar PV,0,Solar PV
Netherlands,Solar,Solar PV (utility scale) (8.0 MW),58.44,0.89,0.49,59.81,20.16,Solar PV,0,Solar PV
United States,Solar,Solar PV (utility scale) (median case) (100 MW),38.55,0,0.32,38.87,5.38,Solar PV,0,Solar PV
United States,Solar,Solar thermal (CSP) (100 MW),103.64,0,0.86,104.5,12.61,Solar thermal,0,Solar thermal
United States,Solar,Solar thermal (CSP) (100 MW),125.85,0,1.05,126.89,15.31,Solar thermal,0,Solar thermal
Australia,Solar,Solar thermal (CSP) (150 MW),109.18,0,0.91,110.09,19.46,Solar thermal,0,Solar thermal
United States,Solar,Solar thermal (CSP) (median case) (100 MW),99.41,0,0.83,100.24,12.1,Solar thermal,0,Solar thermal
United States,Coal,Supercritical pulverised (650 MW),28.87,0,0.08,28.95,17.2,Coal,24.82,Supercritical pulverised
Australia,Lignite,Supercritical pulverised (709 MW),42,0,0.11,42.11,11.26,Lignite,6.76,Supercritical pulverised
Australia,Coal,Supercritical pulverised (722 MW),27.21,0,0.07,27.28,8.69,Coal,41.55,Supercritical pulverised
Australia,Lignite,Supercritical pulverised (CCUS) (570 MW),77.05,0,0.21,77.26,25.56,Lignite,9.52,Supercritical pulverised
Australia,Coal,Supercritical pulverised (CCUS) (633 MW),50.2,0,0.14,50.34,19.34,Coal,51.47,Supercritical pulverised
United States,Coal,Supercritical pulverised (CCUS) (650 MW),52.04,0,0.14,52.18,30.15,Coal,29.69,Supercritical pulverised
China,Coal,Ultra-supercritical (347 MW),8.95,0,0.02,8.97,14.97,Coal,40.63,Ultra-supercritical
Japan,Coal,Ultra-supercritical (749 MW),27.05,0,0.07,27.12,19.31,Coal,40.62,Ultra-supercritical
"Korea, Republic of",Coal,Ultra-supercritical (954 MW),12.87,0,0.03,12.9,11.62,Coal,39.36,Ultra-supercritical
Denmark,CHP,Ultra-supercritical (CHP) (700 MW),37.31,0,0.1,37.41,10.73,CHP,32.03,Ultra-supercritical
India,Coal,Ultra-supercritical (load centered) (400 MW),12.42,0,0.03,12.46,38.65,Coal,38.32,Ultra-supercritical
India,Coal,Ultra-supercritical (pithead) (400 MW),12.83,0,0.03,12.87,8.53,Coal,38.32,Ultra-supercritical
Australia,Wind,Wind offshore (100 MW),66.74,0,0.56,67.29,18.07,Offshore wind,0,Wind offshore
Japan,Wind,Wind offshore (100 MW),131.89,0,1.1,132.98,67.2,Offshore wind,0,Wind offshore
Denmark,Wind,Wind offshore (11.3 MW),38.05,0,0.32,38.36,13.58,Offshore wind,0,Wind offshore
Denmark,Wind,Wind offshore (11.5 MW),32.49,0,0.27,32.76,12.33,Offshore wind,0,Wind offshore
Belgium,Wind,Wind offshore (12.0 MW),59.3,0,0.49,59.79,35.41,Offshore wind,0,Wind offshore
China,Wind,Wind offshore (50.0 MW),62.66,0,0.52,63.18,18.68,Offshore wind,0,Wind offshore
Belgium,Wind,Wind offshore (50.0 MW),59.3,0,0.49,59.79,27.64,Offshore wind,0,Wind offshore
France,Wind,Wind offshore (500 MW),66.81,0,0.56,67.36,22.46,Offshore wind,0,Wind offshore
United States,Wind,Wind offshore (600 MW),44.89,0,0.37,45.26,14.11,Offshore wind,0,Wind offshore
United States,Wind,Wind offshore (600 MW),46.19,0,0.38,46.57,14.62,Offshore wind,0,Wind offshore
United States,Wind,Wind offshore (600 MW),40.57,0,0.34,40.91,20.44,Offshore wind,0,Wind offshore
United States,Wind,Wind offshore (600 MW),41.76,0,0.35,42.11,21.43,Offshore wind,0,Wind offshore
United States,Wind,Wind offshore (600 MW),48.31,0,0.4,48.72,15.49,Offshore wind,0,Wind offshore
United States,Wind,Wind offshore (600 MW),45.74,0,0.38,46.12,21.95,Offshore wind,0,Wind offshore
United States,Wind,Wind offshore (600 MW),50.77,0,0.42,51.19,16.99,Offshore wind,0,Wind offshore
United States,Wind,Wind offshore (600 MW),47.31,0,0.39,47.7,22.92,Offshore wind,0,Wind offshore
United States,Wind,Wind offshore (600 MW),54.46,0,0.45,54.91,19.18,Offshore wind,0,Wind offshore
United States,Wind,Wind offshore (600 MW),55.62,0,0.46,56.08,26.32,Offshore wind,0,Wind offshore
United States,Wind,Wind offshore (600 MW),68.36,0,0.57,68.93,24.66,Offshore wind,0,Wind offshore
United States,Wind,Wind offshore (600 MW),78.57,0,0.65,79.22,32.56,Offshore wind,0,Wind offshore
United States,Wind,Wind offshore (600 MW),91.37,0,0.76,92.13,27.08,Offshore wind,0,Wind offshore
"Korea, Republic of",Wind,Wind offshore (99.0 MW),114.93,0,0.96,115.89,45.1,Offshore wind,0,Wind offshore
United States,Wind,Wind offshore (median case) (600 MW),43.61,0,0.36,43.97,21.65,Offshore wind,0,Wind offshore
Italy,Wind,Wind onshore (< 1 MW) (0.014 MW),301.74,0,2.51,304.25,591.74,Onshore wind,0,Wind onshore
Italy,Wind,Wind onshore (< 1 MW) (0.020 MW),168.82,0,1.41,170.23,41.87,Onshore wind,0,Wind onshore
Italy,Wind,Wind onshore (< 1 MW) (0.059 MW),198.09,0,1.65,199.74,41.46,Onshore wind,0,Wind onshore
Italy,Wind,Wind onshore (< 1 MW) (0.060 MW),135.26,0,1.13,136.39,39.28,Onshore wind,0,Wind onshore
Italy,Wind,Wind onshore (< 1 MW) (0.10 MW),105.73,0,0.88,106.61,29.29,Onshore wind,0,Wind onshore
Italy,Wind,Wind onshore (< 1 MW) (0.19 MW),156.17,0,1.3,157.47,27.55,Onshore wind,0,Wind onshore
Italy,Wind,Wind onshore (< 1 MW) (0.50 MW),77.91,0,0.65,78.55,20.38,Onshore wind,0,Wind onshore
Italy,Wind,Wind onshore (< 1 MW) (0.80 MW),55.13,0,0.46,55.59,19.69,Onshore wind,0,Wind onshore
Italy,Wind,Wind onshore (< 1 MW) (0.83 MW),75.24,0,0.63,75.87,12.91,Onshore wind,0,Wind onshore
Italy,Wind,Wind onshore (< 1 MW) (0.90 MW),55.54,0,0.46,56,15.37,Onshore wind,0,Wind onshore
Italy,Wind,Wind onshore (< 1 MW) (0.90 MW),62.88,0,0.52,63.4,15.61,Onshore wind,0,Wind onshore
Italy,Wind,Wind onshore (>= 1 MW) (1.0 MW),76.24,0,0.63,76.88,14.56,Onshore wind,0,Wind onshore
Italy,Wind,Wind onshore (>= 1 MW) (10.0 MW),37.65,0,0.31,37.96,14.91,Onshore wind,0,Wind onshore
United States,Wind,Wind onshore (>= 1 MW) (100 MW),26.26,0,0.22,26.48,8.71,Onshore wind,0,Wind onshore
United States,Wind,Wind onshore (>= 1 MW) (100 MW),27,0,0.22,27.23,9.57,Onshore wind,0,Wind onshore
United States,Wind,Wind onshore (>= 1 MW) (100 MW),27.66,0,0.23,27.89,9.92,Onshore wind,0,Wind onshore
United States,Wind,Wind onshore (>= 1 MW) (100 MW),30.23,0,0.25,30.48,10.69,Onshore wind,0,Wind onshore
Australia,Wind,Wind onshore (>= 1 MW) (100 MW),33.41,0,0.28,33.69,9.31,Onshore wind,0,Wind onshore
United States,Wind,Wind onshore (>= 1 MW) (100 MW),36.46,0,0.3,36.76,11.36,Onshore wind,0,Wind onshore
United States,Wind,Wind onshore (>= 1 MW) (100 MW),42.62,0,0.35,42.98,12.53,Onshore wind,0,Wind onshore
United States,Wind,Wind onshore (>= 1 MW) (100 MW),58.66,0,0.49,59.15,14.15,Onshore wind,0,Wind onshore
United States,Wind,Wind onshore (>= 1 MW) (100 MW),75.76,0,0.63,76.39,16.49,Onshore wind,0,Wind onshore
United States,Wind,Wind onshore (>= 1 MW) (100 MW),127.99,0,1.07,129.06,26.07,Onshore wind,0,Wind onshore
Norway,Wind,Wind onshore (>= 1 MW) (130 MW),20.75,0,0.17,20.92,9.84,Onshore wind,0,Wind onshore
"Korea, Republic of",Wind,Wind onshore (>= 1 MW) (14.9 MW),84.4,0,0.7,85.1,28.22,Onshore wind,0,Wind onshore
Italy,Wind,Wind onshore (>= 1 MW) (20.0 MW),49.17,0,0.41,49.58,9.94,Onshore wind,0,Wind onshore
Japan,Wind,Wind onshore (>= 1 MW) (20.0 MW),111.76,0,0.93,112.69,27.48,Onshore wind,0,Wind onshore
Canada,Wind,Wind onshore (>= 1 MW) (200 MW),33.34,0,0.28,33.62,13.21,Onshore wind,0,Wind onshore
Russian Federation,Wind,Wind onshore (>= 1 MW) (280 MW),53.4,0,0.44,53.85,13.5,Onshore wind,0,Wind onshore
Austria,Wind,Wind onshore (>= 1 MW) (3.0 MW),52.31,0,0.44,52.74,23.61,Onshore wind,0,Wind onshore
Brazil,Wind,Wind onshore (>= 1 MW) (30.0 MW),27.38,0,0.23,27.61,5.98,Onshore wind,0,Wind onshore
Finland,Wind,Wind onshore (>= 1 MW) (30.0 MW),37.62,0,0.31,37.94,6.94,Onshore wind,0,Wind onshore
Belgium,Wind,Wind onshore (>= 1 MW) (30.0 MW),47.22,0,0.39,47.61,10.29,Onshore wind,0,Wind onshore
Belgium,Wind,Wind onshore (>= 1 MW) (30.0 MW),50.46,0,0.42,50.88,13.23,Onshore wind,0,Wind onshore
Denmark,Wind,Wind onshore (>= 1 MW) (4.5 MW),22.69,0,0.19,22.88,6.3,Onshore wind,0,Wind onshore
Belgium,Wind,Wind onshore (>= 1 MW) (4.5 MW),60.13,0,0.5,60.63,17.71,Onshore wind,0,Wind onshore
Belgium,Wind,Wind onshore (>= 1 MW) (5.0 MW),48.18,0,0.4,48.58,19.96,Onshore wind,0,Wind onshore
Netherlands,Wind,Wind onshore (>= 1 MW) (50.0 MW),25.42,0.3,0.21,25.93,15.23,Onshore wind,0,Wind onshore
France,Wind,Wind onshore (>= 1 MW) (50.0 MW),38.04,0,0.32,38.35,17.73,Onshore wind,0,Wind onshore
China,Wind,Wind onshore (>= 1 MW) (50.0 MW),44.87,0,0.37,45.25,13.18,Onshore wind,0,Wind onshore
Russian Federation,Wind,Wind onshore (>= 1 MW) (60.0 MW),57.99,0,0.48,58.47,13.82,Onshore wind,0,Wind onshore
India,Wind,Wind onshore (>= 1 MW) (65.0 MW),31.92,0,0.27,32.19,3.72,Onshore wind,0,Wind onshore
United States,Wind,Wind onshore (>= 1 MW) (median case) (100 MW),28.52,0,0.24,28.76,10.26,Onshore wind,0,Wind onshore
